Id;Startzeit;Fertigstellungszeit;E-Mail;Name;Your role;Work Experience;Familiarity.Familiarity with Machine Learning;Familiarity.Familiarity with Credit Risk Models;Familiarity.Familiarity with Python;"Block A: Interpretability
.I understand how the model arrived at its prediction";"Block A: Interpretability
.The explanation clearly identifies the most important risk factors";"Block A: Interpretability
.I could explain this prediction to a colleague";"Block A: Interpretability
.I could justify this prediction in a professional discussion";Block B: Regulatory Plausibility.The explanation provides sufficient justification for the prediction;Block B: Regulatory Plausibility.The prediction appears traceable and auditable;Block B: Regulatory Plausibility.The explanation would support model validation activities;Block B: Regulatory Plausibility.The explanation would be suitable for use in a regulated banking environment;"Block C: Trust
.I trust this prediction";"Block C: Trust
.The model behaves in a reliable manner";"Block C: Trust
.I feel confident using the model output";Block D: Acceptance.I would use this model output in practice;Block D: Acceptance.I would recommend the use of this model;"Block A: Interpretability
.I understand how the model arrived at its prediction1";"Block A: Interpretability
.The explanation clearly identifies the most important risk factors1";"Block A: Interpretability
.I could explain this prediction to a colleague1";"Block A: Interpretability
.I could justify this prediction in a professional discussion1";Block B: Regulatory Plausibility.The explanation provides sufficient justification for the prediction1;Block B: Regulatory Plausibility.The prediction appears traceable and auditable1;Block B: Regulatory Plausibility.The explanation would support model validation activities1;Block B: Regulatory Plausibility.The explanation would be suitable for use in a regulated banking environment1;"Block C: Trust
.I trust this prediction1";"Block C: Trust
.The model behaves in a reliable manner1";"Block C: Trust
.I feel confident using the model output1";Block D: Acceptance.I would use this model output in practice1;Block D: Acceptance.I would recommend the use of this model1;"Block A: Interpretability
.I understand how the model arrived at its prediction2";"Block A: Interpretability
.The explanation clearly identifies the most important risk factors2";"Block A: Interpretability
.I could explain this prediction to a colleague2";"Block A: Interpretability
.I could justify this prediction in a professional discussion2";Block B: Regulatory Plausibility.The explanation provides sufficient justification for the prediction2;Block B: Regulatory Plausibility.The prediction appears traceable and auditable2;Block B: Regulatory Plausibility.The explanation would support model validation activities2;Block B: Regulatory Plausibility.The explanation would be suitable for use in a regulated banking environment2;"Block C: Trust
.I trust this prediction2";"Block C: Trust
.The model behaves in a reliable manner2";"Block C: Trust
.I feel confident using the model output2";Block D: Acceptance.I would use this model output in practice2;Block D: Acceptance.I would recommend the use of this model2;"Block A: Interpretability
.I understand how the model arrived at its prediction3";"Block A: Interpretability
.The explanation clearly identifies the most important risk factors3";"Block A: Interpretability
.I could explain this prediction to a colleague3";"Block A: Interpretability
.I could justify this prediction in a professional discussion3";Block B: Regulatory Plausibility.The explanation provides sufficient justification for the prediction3;Block B: Regulatory Plausibility.The prediction appears traceable and auditable3;Block B: Regulatory Plausibility.The explanation would support model validation activities3;Block B: Regulatory Plausibility.The explanation would be suitable for use in a regulated banking environment3;"Block C: Trust
.I trust this prediction3";"Block C: Trust
.The model behaves in a reliable manner3";"Block C: Trust
.I feel confident using the model output3";Block D: Acceptance.I would use this model output in practice3;Block D: Acceptance.I would recommend the use of this model3;"Block A: Interpretability
.I understand how the model arrived at its prediction4";"Block A: Interpretability
.The explanation clearly identifies the most important risk factors4";"Block A: Interpretability
.I could explain this prediction to a colleague4";"Block A: Interpretability
.I could justify this prediction in a professional discussion4";Block B: Regulatory Plausibility.The explanation provides sufficient justification for the prediction4;Block B: Regulatory Plausibility.The prediction appears traceable and auditable4;Block B: Regulatory Plausibility.The explanation would support model validation activities4;Block B: Regulatory Plausibility.The explanation would be suitable for use in a regulated banking environment4;"Block C: Trust
.I trust this prediction4";"Block C: Trust
.The model behaves in a reliable manner4";"Block C: Trust
.I feel confident using the model output4";Block D: Acceptance.I would use this model output in practice4;Block D: Acceptance.I would recommend the use of this model4;"Block A: Interpretability
.I understand how the model arrived at its prediction5";"Block A: Interpretability
.The explanation clearly identifies the most important risk factors5";"Block A: Interpretability
.I could explain this prediction to a colleague5";"Block A: Interpretability
.I could justify this prediction in a professional discussion5";Block B: Regulatory Plausibility.The explanation provides sufficient justification for the prediction5;Block B: Regulatory Plausibility.The prediction appears traceable and auditable5;Block B: Regulatory Plausibility.The explanation would support model validation activities5;Block B: Regulatory Plausibility.The explanation would be suitable for use in a regulated banking environment5;"Block C: Trust
.I trust this prediction5";"Block C: Trust
.The model behaves in a reliable manner5";"Block C: Trust
.I feel confident using the model output5";Block D: Acceptance.I would use this model output in practice5;Block D: Acceptance.I would recommend the use of this model5;"Block A: Interpretability
.I understand how the model arrived at its prediction6";"Block A: Interpretability
.The explanation clearly identifies the most important factors";"Block A: Interpretability
.I could explain this prediction to a colleague6";"Block A: Interpretability
.I could justify this prediction in a professional discussion6";Block B: Regulatory Plausibility.The explanation provides sufficient justification for the prediction6;Block B: Regulatory Plausibility.The prediction appears traceable and auditable6;Block B: Regulatory Plausibility.The explanation would support model validation activities6;Block B: Regulatory Plausibility.The explanation would be suitable for use in a regulated banking environment6;"Block C: Trust
.I trust this prediction6";"Block C: Trust
.The model behaves in a reliable manner6";"Block C: Trust
.I feel confident using the model output6";Block D: Acceptance.I would use this model output in practice6;Block D: Acceptance.I would recommend the use of this model6;"Block A: Interpretability
.I understand how the model arrived at its prediction7";"Block A: Interpretability
.The explanation clearly identifies the most important factors1";"Block A: Interpretability
.I could explain this prediction to a colleague7";"Block A: Interpretability
.I could justify this prediction in a professional discussion7";Block B: Regulatory Plausibility.The explanation provides sufficient justification for the prediction7;Block B: Regulatory Plausibility.The prediction appears traceable and auditable7;Block B: Regulatory Plausibility.The explanation would support model validation activities7;Block B: Regulatory Plausibility.The explanation would be suitable for use in a regulated banking environment7;"Block C: Trust
.I trust this prediction7";"Block C: Trust
.The model behaves in a reliable manner7";"Block C: Trust
.I feel confident using the model output7";Block D: Acceptance.I would use this model output in practice7;Block D: Acceptance.I would recommend the use of this model7;"Block A: Interpretability
.I understand how the model arrived at its prediction8";"Block A: Interpretability
.The explanation clearly identifies the most important factors2";"Block A: Interpretability
.I could explain this prediction to a colleague8";"Block A: Interpretability
.I could justify this prediction in a professional discussion8";Block B: Regulatory Plausibility.The explanation provides sufficient justification for the prediction8;Block B: Regulatory Plausibility.The prediction appears traceable and auditable8;Block B: Regulatory Plausibility.The explanation would support model validation activities8;Block B: Regulatory Plausibility.The explanation would be suitable for use in a regulated banking environment8;"Block C: Trust
.I trust this prediction8";"Block C: Trust
.The model behaves in a reliable manner8";"Block C: Trust
.I feel confident using the model output8";Block D: Acceptance.I would recommend the use of this model8;Block D: Acceptance.I would use this model output in practice8;"Block A: Interpretability
.I understand how the model arrived at its prediction9";"Block A: Interpretability
.The explanation clearly identifies the most important factors3";"Block A: Interpretability
.I could explain this prediction to a colleague9";"Block A: Interpretability
.I could justify this prediction in a professional discussion9";Block B: Regulatory Plausibility.The explanation provides sufficient justification for the prediction9;Block B: Regulatory Plausibility.The prediction appears traceable and auditable9;Block B: Regulatory Plausibility.The explanation would support model validation activities9;Block B: Regulatory Plausibility.The explanation would be suitable for use in a regulated banking environment9;"Block C: Trust
.I trust this prediction9";"Block C: Trust
.The model behaves in a reliable manner9";"Block C: Trust
.I feel confident using the model output9";Block D: Acceptance.I would use this model output in practice9;Block D: Acceptance.I would recommend the use of this model9;In which use case was explainability more important?;Which explainability level would you recommend for PD?;Which explainability level would you recommend for Marketing;Did the benchmark model (Level 0) influence your assessment?;What aspects of the explanation were most useful?;What information was missing or insufficient for assessing the prediction?;"At what point does explainability become excessive?
";;;;;;;;;;;;;;;;;;;;
1;09.06.2026 08:43;09.06.2026 10:55;anonymous;;Risk Management;2–5 years;4;7;7;5;2;2;1;2;2;2;1;2;2;1;1;1;2;4;2;1;3;2;2;1;3;3;2;1;1;2;4;2;1;3;2;2;1;3;3;1;1;1;3;4;2;1;3;2;2;1;3;3;1;1;1;3;4;2;1;3;2;2;1;3;3;1;1;1;2;2;1;1;2;2;2;3;2;2;1;2;1;2;4;1;1;2;2;1;3;1;2;1;1;1;2;4;1;1;2;2;1;3;1;2;1;1;1;2;4;1;1;2;2;1;3;1;3;1;1;1;2;4;1;1;2;2;1;3;1;2;1;1;1;PD;Level 3;;Partially;;"for the logreg I was missing clear result tables in a statistics-sence. Without those tables I have basically no information to really evaluate the model itself and the parameters with their coefficients.
For the ML-Levels I was missing summary statistics on the variables. If some of them are highly correlated, which I assume is the case, I doubt their usefulness to include them. It might even be more beneficial to exclude some variables but I haven't seen outputs which illustrate those kinds of analysis.";"Based on my missing understanding behind the ML-models and their behaviour over time I did see all the output graphs and coefficients, but it did not increase my trust in the model or my understandung on how things work. If the model would come to different conclusions, based on the groups of people I include in the model, this would give me a better idea of how the model runs. Judged by the risk factors, I do see results which are not plausible for me. Taking the example of age: An increasing age results in a lower PD. I assume because of the correlation between age and wealthiness, but the likelihood of death or illness increases, which would decrease the likeliness of paying back credits. It could also result in an increased cost of living, because of medical treatments. 
So, although the number of plots increased, the economic-interpretability stayed on a constant, rather low, level, for my feeling.";;;;;;;;;;;;;;;;;;;;
2;09.06.2026 18:48;09.06.2026 19:46;anonymous;;Data Science / Analytics;2–5 years;5;1;4;1;3;3;1;1;2;2;1;3;3;3;3;3;3;4;3;2;3;3;3;2;3;2;3;3;3;4;5;4;2;2;2;3;3;3;3;3;3;3;4;5;4;2;3;4;3;4;3;3;3;3;3;4;5;5;2;3;4;4;4;4;4;4;3;3;1;2;1;1;1;1;1;1;1;1;1;1;1;2;2;2;1;2;2;3;2;3;3;2;2;2;2;3;3;1;2;3;2;2;2;2;2;2;3;3;2;2;2;3;3;2;3;2;2;3;2;3;3;3;3;2;4;4;3;3;3;3;2;2;2;Equally important;Level 2;Level 2;No;The correlation chart and the ranking of the features so know which one are positive and which ones negative;How to interpret certain chats such as ROC or the scorecard;Never, but I don't know how to interpret it;;;;;;;;;;;;;;;;;;;;
3;10.06.2026 12:29;10.06.2026 17:33;anonymous;;Data Science / Analytics;< 2 years;5;1;5;2;2;1;1;2;3;2;1;1;3;1;3;3;3;3;2;3;2;3;3;2;4;3;3;3;3;3;2;3;2;2;2;3;3;3;3;3;3;3;4;4;4;3;4;4;3;4;3;3;4;3;3;5;4;5;3;5;4;3;3;4;4;4;4;3;1;1;1;1;2;2;2;3;3;3;3;3;3;2;2;1;1;2;2;3;3;3;3;3;3;3;3;3;2;1;3;2;2;2;3;3;3;3;3;4;3;3;2;3;3;3;3;4;3;3;3;3;4;3;4;3;4;4;3;3;4;3;4;4;3;PD;Level 4;Level 4;Partially;SHARP & LIME outputs;Certainly, additional aspects could be considered. However, as I am not an expert in this specific domain, I am not in a position to identify all potentially relevant aspects comprehensively.;In my view, this aspect cannot be overemphasized, as it has not yet been addressed comprehensively by current research. Therefore, there is no universal solution to this challenge.;;;;;;;;;;;;;;;;;;;;
4;10.06.2026 19:57;10.06.2026 20:55;anonymous;;Data Science / Analytics;6–10 years;5;1;5;1;1;1;1;1;1;1;1;1;1;1;1;1;3;1;1;1;1;1;1;1;3;3;1;1;1;1;2;1;1;2;2;1;1;1;1;1;1;1;3;3;3;3;3;3;3;3;3;3;3;3;3;3;3;3;3;3;3;3;3;3;3;3;3;3;1;1;1;1;1;1;1;1;1;1;1;1;1;1;1;1;1;1;1;1;1;1;1;1;1;1;1;1;1;1;1;1;1;1;1;1;1;1;1;1;1;1;1;1;1;1;1;1;1;1;1;1;1;1;1;1;1;1;1;1;1;1;1;1;1;Equally important;Level 4;Level 4;No;;;;;;;;;;;;;;;;;;;;;;;
5;10.06.2026 18:41;10.06.2026 21:30;anonymous;;Data Science / Analytics;< 2 years;2;1;2;5;4;5;5;4;5;4;5;5;3;5;5;5;4;5;5;4;3;3;4;2;3;3;2;3;2;4;5;5;4;4;3;4;2;3;3;2;3;2;4;5;5;4;4;4;4;2;4;4;3;3;2;5;5;5;5;5;5;5;4;4;5;4;5;5;5;3;5;5;5;5;5;2;2;3;3;2;2;3;4;3;3;3;3;4;4;3;3;2;2;2;3;4;3;3;3;3;4;2;2;3;2;3;3;3;4;3;3;4;3;4;2;3;3;3;2;3;5;4;5;4;5;5;4;3;2;4;3;4;3;PD;Level 4;Level 3;Yes;Vollständige Nachrechenbarkeit der Ansätze;"Mehr Informationen zur Modellauswahl und Nutzung bei H2O (1-3)

P-Wert bei LogReg";"Für Marketing nicht so relevant, solange der break even passt. Völlige Explainability ist nutzlos, wenn die Performance nicht mehr ausreichend ist. 

PD: Explainability kann nicht zu viel sein.";;;;;;;;;;;;;;;;;;;;
6;11.06.2026 17:17;11.06.2026 18:46;anonymous;;Data Science / Analytics;2–5 years;6;3;7;5;4;5;5;5;5;5;3;5;4;5;5;5;4;5;3;4;3;4;5;3;3;3;3;5;4;4;3;4;3;3;4;5;3;4;4;3;4;3;3;4;3;3;5;5;5;3;3;3;3;4;3;5;4;5;4;5;4;5;3;4;5;5;5;5;5;5;5;4;5;5;5;3;5;5;5;5;5;4;4;4;4;5;5;5;3;4;4;5;5;4;5;5;4;4;4;4;5;3;5;4;5;5;5;5;4;4;4;4;4;5;3;4;4;4;5;5;5;5;5;5;4;5;5;3;5;5;5;5;5;PD;Level 4;Level 2;Partially;plots in general, feature importance plots, SHAP summary plots;i would have liked to see distribution plots of specfic bins in the marketing section;when information becomes overwhelming because of size ;;;;;;;;;;;;;;;;;;;;
7;12.06.2026 15:30;12.06.2026 17:13;anonymous;;Data Science / Analytics;< 2 years;5;2;5;4;3;4;3;3;4;4;3;4;4;3;3;3;4;4;4;3;4;4;4;4;4;4;4;3;3;4;4;4;3;4;4;4;4;4;4;4;4;4;4;4;4;5;4;4;4;4;4;4;4;4;4;4;4;4;3;4;4;4;4;4;4;4;4;4;4;4;4;4;3;4;4;4;4;4;4;4;4;4;4;4;3;4;4;4;4;4;4;4;4;4;4;4;4;3;4;4;4;4;4;4;4;4;4;4;4;4;3;4;4;4;3;4;4;4;4;4;4;4;4;3;4;4;4;4;4;4;4;4;4;PD;Level 3;Level 0;Yes;"Calibration Curve
Feature Importance";Context and actionable guidance on how to interpret the model outputs in a real-world setting are missing. This would build a bridge between technical explanations and operational use;In my experience, explainability becomes excessive when it adds complexity without adding value. For a marketing use case, I found the baseline model sufficient. For credit risk however, I noticed that insufficient explainability directly creates regulatory concerns.;;;;;;;;;;;;;;;;;;;;
8;10.06.2026 18:45;14.06.2026 22:25;anonymous;;Data Science / Analytics;< 2 years;6;2;6;5;5;5;5;5;5;5;5;5;5;5;4;5;3;5;3;3;3;3;4;2;3;3;3;2;3;3;5;4;4;4;4;4;3;4;3;3;4;3;4;5;4;4;4;4;4;3;4;4;4;4;3;5;5;5;5;5;5;5;5;5;5;5;5;5;5;5;5;5;5;5;5;5;5;5;5;5;5;3;5;3;3;3;2;4;3;4;3;4;4;3;4;5;4;4;4;4;4;4;4;4;4;5;4;4;5;4;4;4;4;4;4;4;4;4;4;5;5;5;5;5;5;5;5;5;5;5;5;4;5;PD;Level 4;Level 2;Yes;plots. the more plots, the better.;be more precise with the coefficients. maybe more explanaition of the plots/charts;too much output in csv files. they are important, but it would be better if the information is in the skript. information which is not important is not nesessery, it is more overwhelming than helping. better to focus on the important information. like mean_moc_train ... maybe it is only important for the banking, but not for understanding.;;;;;;;;;;;;;;;;;;;;
9;10.06.2026 18:45;10.06.2026 18:45;anonymous;;IT Service Manager;> 10 years;7;2;6;5;5;5;5;5;5;5;5;5;5;5;4;4;4;4;4;4;5;5;5;5;4;4;4;4;4;5;5;5;5;5;5;5;5;4;5;5;5;4;5;5;4;4;4;5;5;4;5;3;5;5;5;4;5;5;5;5;5;6;4;4;4;5;5;5;4;3;5;5;4;5;5;5;4;5;5;5;5;5;3;2;4;4;4;4;5;3;4;4;4;5;5;4;4;4;4;4;4;5;5;4;5;4;5;5;5;5;4;5;5;5;5;5;5;4;4;4;5;5;4;4;5;4;5;4;4;4;4;4;4;Equally important;Level 3;Level 3;Partially;Plots;An short Explaination what every measurement method is doing. Also known weaknesses and strength of each method. The watcher could validate faster with that information. ;Never.;;;;;;;;;;;;;;;;;;;;
